threads_number,minimum,maximum,average,collect_time,submit_time
100,28.5,48.0,30.490000000000002,144.0,17.5
350,7.5,30.5,9.90857142857143,350.5,6.0
